Legendary,
Ritual,
Abominable,
Absolute,
Funky,
Hyper,
Mellow,
Trendy,
Fantastic,
Romantic,
Acid,
Acrobatic,
Full,
Adhesive,
Explosive,
Aerial,
Psychic,
All-Out,
Alluring,
Decisive,
Unknown,
Aloof,
Mystical,
Nordic,
Special,
Amazing,
Ambitious,
Amorphous,
Amphibious,
Unfortunate,
Crimson,
Token,
Deceptive,
Eccentric,
Fearsome,
Graceful,
Ingenious,
Loyal,
Masterful,
Rebellious,
Tyrannical,
Virtuous,
Chivalrous,
Betrayal,
Fiendish,
Anti-Aircraft,
Appropriate,
Arcane,
Melodious,
Fierce,
Arsenal,
Joyous,
Revival,
Astral,
Immovable,
Autonomous,
Avenging,
Covered,
Backup,
Bad,
Smashing,
Bamboo,
Familiar,
AA,
Lead,
Baneful,
Beautiful,
Resurgent,
Vassal,
Berserk,
Small,
Mammoth,
Binary,
Lost,
Sonic,
Vague,
Gram,
Cubic,
Blind,
Blue-Blooded,
Blue-Eyed,
Alternative,
Solid,
Booby,
Lunar,
Admiral,
Botanical,
Bottomless,
Magical,
Skill,
Brilliant,
Brutal,
Burial,
Different,
Mega,
Earthbound,
Grave,
Capricious,
Cataclysmic,
Circumpolar,
Celtic,
Centrifugal,
Chaotic,
Charcoal,
Charming,
Mythical,
Desperate,
Aztec,
Colossal,
Mayan,
Avian,
Inverted,
Compulsory,
Current,
Sombre,
Continuous,
Corrosive,
Crass,
Creepy,
Potential,
Cunning,
Backdoor,
Borderline,
Proud,
Dangerous,
Infant,
Strong,
Mechanical,
Decayed,
Deep-Space,
Defensive,
Degenerate,
Delinquent,
Tenacious,
Malicious,
Destructive,
Gloomy,
Dire,
Dimensional,
True,
Martial,
Disposable,
Dizzying,
Passe,
Enlightened,
Grim,
Double-Edged,
Tragic,
Dramatic,
Drastic,
Rehearsal,
Dual,
Dummy,
Sinister,
Despondent,
Ectoplasmic,
Egotistical,
Egyptian,
Sanguine,
Elemental,
Neo,
Embryonic,
Empty,
Enchanting,
Endless,
Enraged,
Gentle,
Everlasting,
Infernal,
Castor,
Present,
Evolutionary,
Expendable,
Net,
Fabled,
Leviathan,
Fake,
Fateful,
Faustian,
Ferocious,
Fiery,
Dirty,
Final,
Finite,
Unrivaled,
Flawless,
Boundless,
Magnificent,
Scary,
Unexplored,
Foolish,
Past,
Fossil,
Matchless,
Frenzied,
Cruel,
Substitute,
Galactic,
Spiral,
Skeletal,
Next,
Remote,
Spare,
Moonlit,
Spooky,
Siren,
Invincible,
Gigantic,
Dreary,
Festive,
Glacial,
Noxious,
Glorious,
Good,
Second,
Spiritual,
Visionary,
Greedy,
Gruesome,
Seaside,
Hallowed,
Harmonic,
Headless,
Heartfelt,
Heartless,
Primordial,
Hollow,
Heraldic,
Herculean,
Ablaze,
Huge,
Humid,
Hungry,
Hushed,
Icy,
Veteran,
Ignoble,
Illegal,
Faceless,
Illusory,
Impenetrable,
Imprudent,
Incandescent,
Ordeal,
Incredible,
Indomitable,
Reckless,
Infinite,
Dismissal,
Informer,
Instant,
Interplanetary,
Inverse,
Straight,
Jumbo,
Sticky,
Luminous,
Last,
Left-Hand,
Lifeless,
Wanton,
Willful,
Localized,
British,
Loud,
Lustrous,
Turquoise,
Fresh,
Crooked,
Steady,
Magnetic,
Macabre,
Parallel,
Malevolent,
Maniacal,
Sleepy,
Portal,
Unformed,
Catty,
Merciful,
Mild,
Temporal,
Radiant,
Exalted,
Official,
Miraculous,
Missing,
Molten,
Mono,
Monstrous,
Muddy,
Mysterious,
Mystic,
Mythic,
Narrow,
NEXT,
Primal,
Nimble,
Nice,
Noisy,
Nomadic,
Vernal,
Ravenous,
Tired,
Timeless,
DARK,
Numbing,
Numinous,
Nutrient,
Obese,
Obnoxious,
Obsessive,
Vindictive,
Ominous,
One-Shot,
One-Time,
Oppressed,
Relentless,
Outstanding,
Overpowering,
Painful,
Paranoid,
Parasitic,
Interstellar,
Peaceful,
Perfect,
Perpetual,
Personal,
Playful,
Shipshape,
Poisonous,
Portable,
Powerful,
Premature,
Weak,
Primitive,
Propitious,
Protective,
Pseudo,
Puny,
Quiet,
Righteous,
Rabid,
Multidimensional,
Unbreakable,
Fuzzy,
Rapid-Fire,
Rare,
Ready,
Alive,
Hasty,
Retro,
Resonant,
Reversible,
Right-Hand,
Rigorous,
Wondrous,
Rogue,
Foregone,
Robotic,
Flush,
Ruddy,
Runaway,
Ruthless,
Denial,
Retroactive,
Scarred,
Sectarian,
Segmental,
Seismic,
Senior,
Serial,
Shattered,
Short,
Simultaneous,
Skilled,
Solemn,
Formal,
Solitary,
Space-Time,
Spatial,
Spiked,
Splendid,
Misty,
Tough,
Stand-Off,
Arrival,
Staunch,
Stinging,
Stray,
Stronghold,
Animal,
Stumbling,
Stygian,
Subsurface,
Junior,
Strident,
Supernatural,
Supersonic,
Deep-Seated,
Distant,
Symphonic,
Synthetic,
Fickle,
Tardy,
Telepathic,
Terrifying,
Cheerful,
Incarnate,
Forceful,
Inexperienced,
Normal,
Uniform,
Ragged,
Wrong,
Sanctified,
Shallow,
Tricky,
Unhappy,
Cloudy,
Snowy,
Standup,
Thermal,
Retrograde,
Acute,
Awesome,
Top,
Total,
Transcendent,
Treacherous,
Tremendous,
Rampant,
Trial,
Two-for-One,
Two-Pronged,
Obedient,
Unacceptable,
Unauthorized,
Undaunted,
Underground,
Unending,
Unexpected,
Unshaven,
Unstable,
Urgent,
Vain,
Variable,
Verdant,
Vertical,
Vicious,
Vile,
Violent,
Viral,
Virtual,
Vivid,
Volcanic,
Scattershot,
Warm,
Ersatz,
Widespread,
Witty,
Bestowal,
Wretched,
Yellow-Bellied,
Zany