Cell,
Breeding,
Device,
Recombination,
Scatter,
Arms,
Movement,
Solo,
White,
Turtle,
Doom,
Colored,
Fish,
Cat,
Ill,
Omen,
Deal,
Dark,
Ruler,
Feather,
Phoenix,
Feint,
Plan,
Hero,
Lives,
Ocean,
Major,
Man,
Rival,
Wild,
Monster,
Wingbeat,
Giant,
Dragon,
Core,
Trap,
Disposal,
Unit,
Buster,
Cannon,
Challenge,
Contact,
Love,
Fusion,
Shadow,
Show,
Chamber,
Soul,
Prison,
Crusader,
End,
King,
Jack,
Jar,
Kid,
Sky,
Abyss,
Actor,
Comic,
Relief,
Curtain,
Raiser,
Evil,
Heel,
Extras,
Comedian,
Director,
Lady,
Madonna,
Sassy,
Rookie,
Superstar,
Twinkle,
Little,
Star,
Hope,
Actors,
Stage,
Dweller,
Flower,
Keeper,
Playhouse,
Theater,
Prop,
Wagon,
Script,
Fantasy,
Magic,
Fire,
Ceremony,
Rise,
Terror,
Shark,
Soldier,
Warrior,
Cetus,
Alba,
Talker,
Fortune,
Archer,
Rain,
Hole,
Downpour,
Acrobat,
Monkey,
Magician,
Action,
Double,
Banking,
Ad,
Analyzer,
Crystal,
Friends,
Researcher,
Resonance,
Seeker,
Signs,
Adhesion,
Armageddon,
Advance,
Force,
Zone,
Advanced,
Art,
Sea,
Aegis,
Lord,
Recharge,
Storm,
Struggle,
Afterglow,
Wind,
Agave,
Wicked,
Warden,
Air,
Armor,
Ninja,
Spirit,
Al,
Ghoul,
Albion,
Black,
Alchemy,
Cycle,
Sovereign,
Birds,
Madness,
Lament,
Alien,
Brain,
Dog,
Grey,
Hunter,
Mars,
Mother,
Skull,
Phantom,
Sword,
Allure,
Darkness,
Queen,
Mirror,
Essence,
Vanity,
Justice,
Destroyer,
Cosmic,
Gateway,
Reader,
Cyclone,
Creator,
Enemy,
Catcher,
Field,
Marshal,
Light,
Gazer,
Break,
Searcher,
Thousand,
Thunder,
Crusher,
Salvo,
Beast,
Forest,
Alpha,
Electromagnet,
Magnet,
Master,
Beasts,
Sylvan,
High,
Protector,
Altar,
Tribute,
Camouflage,
Rock,
Manifestation,
Protocol,
Altitude,
Knight,
Jester,
Divine,
Peaks,
Attraction,
Horror,
House,
Majestic,
Merry-Go-Round,
Rapid,
Racing,
Viking,
Vortex,
Wonder,
Wheel,
Amazement,
Administrator,
Ambassador,
Assistant,
Delia,
Attendant,
Precious,
Park,
Pendulum,
Time,
Ticket,
Amazon,
Seas,
Baby,
Tiger,
Chain,
Fighter,
Fighting,
Onslaught,
Paladin,
Pet,
Princess,
Sage,
Spy,
Swords,
Woman,
Village,
Willpower,
Ambulance,
Ambush,
Fangs,
Prophecy,
Imagination,
Envy,
Gluttony,
Goliath,
Infection,
Pride,
Wrath,
Persona,
Amplifier,
Amulet,
Ambition,
Owl,
Luck,
Report,
Anarchist,
Monk,
Ancient,
Chant,
City,
Rainbow,
Ruins,
Ape,
Elf,
Fairy,
Deity,
Gear,
Box,
Castle,
Engineer,
Factory,
Fist,
Fortress,
Frame,
Gadget,
Ultimate,
Pound,
Howitzer,
Hound,
Megaton,
Reactor,
Tank,
Workshop,
Wyvern,
Lamp,
Leaf,
Lizard,
Deep,
Rules,
Sacred,
Telescope,
Tool,
Tree,
Enlightenment,
Warriors,
De,
Lu,
Zhang,
Yuan,
Gong,
Kong,
Yun,
Sun,
Dong,
Valiant,
Liu,
Oath,
Saga,
Arrows,
Path,
Deception,
Defense,
Winds,
Alliance,
Visits,
Band,
Sphinx,
Angel,
Statue,
Trumpeter,
Monarch,
Umbrella,
Ante,
Anti,
Prism,
Fragrance,
Intelligence,
Apex,
Bow,
Goddess,
Towers,
Apparition,
Apple,
Girl,
Conversion,
Dryer,
Drake,
World,
Kappa,
Scale,
Laundry,
Test,
Red,
Lotus,
Apprentice,
Illusion,
Piper,
Aqua,
Chorus,
Jet,
Snake,
Story,
Guppy,
Meditation,
Aquarium,
Lighting,
Arc,
Rebellion,
Extra,
Joker,
Fool,
EX,
I,
IV,
Emperor,
VII,
Chariot,
Temperance,
Moon,
Reading,
Triumph,
Barrier,
Mode,
Cavalry,
Commander,
First,
General,
Heiress,
Interceptor,
Ascent,
Awakening,
Roar,
Staff,
Despair,
Aria,
Diva,
Priestess,
Boundaries,
Armed,
Blitz,
Flash,
Armored,
Samurai,
Ben,
Chaos,
Fury,
Blast,
Breaker,
Rust,
Mist,
Kicker,
Bee,
Glass,
Rat,
Bear,
Zombie,
Armory,
Arm,
Army,
Ant,
Aroma,
Garden,
Gardening,
Strategy,
Jasmine,
Laurel,
Marjoram,
Rosemary,
Angelica,
Sweet,
Array,
Bug,
Robber,
Maiden,
Artifact,
Ignition,
Artifacts,
Artillery,
Noble,
Knights,
Ascension,
Emperors,
Asceticism,
Ash,
Blossom,
Spring,
Switch,
Assault,
Drizzle,
Shower,
Counter,
Mercenary,
Zero,
Overload,
Sentinel,
Spirits,
Teleport,
Astra,
Ghouls,
Priest,
Athena,
Attack,
Squad,
Heavy,
Infantry,
Marksman,
Atomic,
Scrap,
Attachment,
Gainer,
Reflector,
Control,
Druid,
Aurora,
Paragon,
Wing,
Earth,
Charmer,
Automatic,
Laser,
Avalon,
Pot,
Savior,
Rebuilder,
Greater,
Axe,
Fools,
Raider,
Ayers,
Sunrise,
Worm,
Silver,
B.,
Jungle,
Big,
Barber,
Raccoon,
Square,
Front,
Back-Up,
Rider,
Background,
Wall,
Operator,
Secretary,
Supervisor,
Bacon,
Saver,
Reaction,
Grand,
Radiance,
Bait,
Doll,
Balance,
Judgment,
Rampart,
Balloon,
Bandit,
Banishment,
Banner,
Courage,
Banquet,
Millions,
Battle,
Machine,
Bark,
Baron,
Fiend,
Barrage,
Barrel,
Door,
Blocker,
Drought,
Heavens,
Inferno,
Torrent,
Wave,
Rose,
Shield,
Basic,
Insect,
Eye,
Bat,
Battery,
AAA,
C,
D,
Fuel,
Industrial,
Strength,
Solar,
Eagle,
Footballer,
Instinct,
Mania,
Elements,
Ox,
Royal,
Shogun,
Survivor,
Waltz,
Battlefield,
Tragedy,
Rage,
Azusa,
Ghost,
Dart,
Charge,
Hama,
Conquering,
Nest,
Sting,
Poison,
Attacker,
Boxer,
Bandage,
Cheat,
Commissioner,
Yoke,
Rabbit,
Puncher,
Rib,
Veil,
Brightness,
Yang,
Zing,
Bayonet,
Beacon,
Bean,
Pharaoh,
Swap,
Puma,
Swamps,
Beat,
Cop,
Underworld,
Fur,
Eternal,
Trainer,
Beaver,
List,
Frog,
Dragons,
Horn,
Roller,
Descent,
Formation,
Landing,
Flapper,
Bomber,
Scout,
Buggy,
Heaven,
Behemoth,
Animals,
Vanguard,
Marquis,
Destiny,
Firestorm,
Berry,
Gorilla,
Scales,
Crush,
Beta,
Bang,
Evolution,
Pill,
Piece,
Whale,
BIG,
Bingo,
Bio,
Plant,
Bird,
Paradise,
Birth,
Prominence,
Flame,
Birthright,
Shoes,
Water,
Chick,
Fang,
Luster,
Envoy,
Evening,
Twilight,
Super,
Metal,
Pendant,
Ray,
Return,
Moonlight,
Sheep,
Whirlwind,
Revenge,
Plunder,
Captain,
Blackbird,
Northern,
Lights,
South,
Backlash,
Crest,
Blizzard,
Far,
North,
Bombardment,
Spear,
Sharp,
Breeze,
Haze,
Damascus,
Polar,
Night,
Decay,
Steel,
Gale,
Gladius,
Midnight,
Shining,
Gust,
Dust,
Hurricane,
Tornado,
Blue,
Jin,
Daybreak,
Wanderer,
Crack,
Dawn,
Starlight,
Squall,
Steam,
Cloak,
Reverse,
Emblem,
Honor,
Elite,
Obsidian,
Hawk,
Joe,
Blade,
Sphere,
Fuse,
Blaze,
Accelerator,
Blessed,
Blessings,
Gusto,
Nile,
Destruction,
Obliteration,
Spot,
Falcon,
Thunderbird,
Defender,
Ice,
Block,
Spider,
Blood,
Sucker,
Bloom,
Choir,
Composer,
Prima,
Duston,
Medicine,
Mountain,
T-45,
Blue-Eyes,
MAX,
Twin,
Tyrant,
Crown,
Boar,
Car,
Bolt,
Penguin,
Beetle,
Bond,
Teacher,
Student,
Bone,
Mouse,
Temple,
Bonfire,
Colossus,
Game,
E,
Boogie,
Book,
Eclipse,
Life,
Secret,
Arts,
Boon,
Booster,
Boot,
Sector,
Launch,
Dynamo,
Corporal,
Command,
Order,
Dread,
Supplier,
Furious,
Riot,
Savage,
Boss,
Rush,
Lion,
Bottom,
Sand,
Boulder,
Tortoise,
Wand,
Artemis,
Guard,
BOXer,
Hazard,
Research,
Lab,
Beam,
Condemnation,
Disciple,
Exile,
Forfeiture,
Brave,
Breakthrough,
Breath,
Acclamation,
Resurrection,
Bridge,
Salvation,
Bright,
Future,
Glory,
Spark,
Broken,
Line,
Brotherhood,
Buffalo,
Cardinal,
Caribou,
Coyote,
Elephant,
Horse,
Prince,
Kirin,
Leopard,
Panda,
Peacock,
Ram,
Rhino,
Rooster,
Swallow,
Swan,
Wolf,
Huntsman,
Mad,
Brushfire,
Potion,
Brute,
Enforcer,
Bubble,
Crash,
Shuffle,
Emergency,
Matrix,
Signal,
Regalia,
Jewel,
Crane,
Crow,
Fox,
Hare,
Bull,
Burden,
Mighty,
Burglar,
Dimension,
Sparks,
Algae,
Land,
Head,
Burnout,
Rebirth,
Stream,
Rancher,
Protection,
Buzzsaw,
Damage,
Sacrifice,
Shock,
Serenity,
Cactus,
Caius,
Claw,
Mummy,
Reaper,
Candle,
Fate,
Cannonball,
Shellfish,
Canon,
Canyon,
Capacitor,
Stalker,
Caravan,
Card,
Demise,
Safe,
Sanctity,
Trader,
Trooper,
Cards,
Feathers,
Consonance,
Stone,
Cash,
Gate,
Link,
Illusions,
Souls,
Walls,
Ear,
Tribe,
Catalyst,
Catch,
Day,
Eve,
Kitty,
Witch,
Cattle,
Old,
Cave,
Ceasefire,
Celestial,
Observatory,
Transformation,
Explosion,
Virus,
Guardian,
Centaur,
Ceremonial,
Bell,
Cerulean,
Guru,
Detonation,
Disappearance,
Energy,
Material,
Chamberlain,
Vigilance,
Change,
Heart,
Slime,
Betrayer,
Form,
Space,
Brigade,
Charm,
Resort,
Crab,
Oxy,
Cherry,
Chevalier,
Chicken,
Play,
Flying,
Rampage,
Chiron,
Autumn,
Leaves,
Chivalry,
Chocolate,
Sanctuary,
Chosen,
Chow,
Chan,
Len,
Prophet,
Stopper,
Chronicle,
Chronicler,
Figures,
Mask,
Cabrera,
Babylon,
Bones,
Esperanza,
Golden,
Knot,
Globe,
Carrier,
Mud,
Disk,
Pyramid,
Tablet,
Sol,
Monolith,
Technology,
Rocket,
Chrysalis,
Dolphin,
Mole,
Polymer,
Cipher,
Biplane,
Bit,
Interference,
Spectrum,
Raptor,
Circle,
Kings,
Citadel,
Clara,
Clay,
Clear,
New,
Vice,
Fast,
Clock,
Tower,
Clone,
Cloud,
Typhoon,
Fog,
Smoke,
Ball,
Turbulence,
Aerosol,
Clown,
Cluster,
Coach,
Bearman,
Cobra,
Cockroach,
Cocoon,
Ultra,
Party,
Code,
Exporter,
Generator,
Radiator,
Coffin,
Seller,
Cold,
Feet,
Collected,
Power,
Colosseum,
Cage,
Gladiator,
Column,
Combination,
Combo,
Hand,
Arthur,
Performance,
Covington,
Commencement,
Dance,
Common,
Charity,
Compass,
Escape,
Evacuation,
Comrade,
Puppet,
Conductor,
Confiscation,
Confusion,
Chaff,
Conscription,
Consolation,
Prize,
Antares,
Belt,
Meteor,
Omega,
Ptolemy,
Chart,
Cradle,
Tempest,
Construction,
Train,
Contract,
Don,
Void,
Contrast,
HERO,
Wills,
Wishes,
Convulsion,
Nature,
Copy,
Copycat,
Coral,
Compression,
Reinforcement,
Transport,
Corpse,
Corridor,
Agony,
Keys,
Corruption,
Flare,
Cosmo,
Cosmos,
Cost,
Counselor,
Cleaner,
Gem,
Counterforce,
Court,
Covering,
Crackdown,
Road,
X,
Y,
Z,
Crazy,
Originator,
Creation,
Creature,
Seizure,
Coney,
Crevice,
Vampire,
Nova,
Trinity,
Sentry,
Sunbird,
Crop,
Circles,
Cross,
Breed,
Porter,
Duel,
Draco,
Testament,
Run,
Cry,
Abundance,
Amber,
Cobalt,
Emerald,
Ruby,
Pegasus,
Topaz,
Conclave,
Pair,
Promise,
Release,
Seer,
Entry,
Impact,
Cu,
Dharma,
Cup,
Ace,
Cupid,
Dunk,
Fore,
Pitch,
Volley,
Cure,
Mermaid,
Dominion,
Curse,
Aging,
Armaments,
Bill,
Fig,
Seal,
Forbidden,
Ones,
Asylum,
Legend,
Cheer,
Simon,
Great,
Moral,
Leader,
Cyber,
Dinosaur,
Zwei,
Egg,
Eternity,
Gymnast,
Network,
Petit,
Repair,
Tutu,
Valley,
Alligator,
Edge,
Invasion,
Keel,
Realm,
Support,
Horizon,
Overflow,
Revolution,
Converter,
Integrator,
Quantum,
Reminder,
Hat,
Wizard,
Doctor,
Boomerang,
Cascade,
Conflict,
Mining,
Optimization,
Recovery,
Regression,
Universe,
Tactics,
D.,
Human,
D.D.,
Assailant,
Dynamite,
Sparrow,
Guide,
Iron,
Patrol,
Plane,
Sprite,
Derby,
Ark,
Pandora,
Recruits,
Copernicus,
Kepler,
Newton,
Thomas,
Swirl,
Apocalypse,
Siegfried,
Laplace,
Beowulf,
Eulogy,
Requiem,
Genghis,
Alexander,
Oblivion,
Oracle,
Rebel,
Leonidas,
Darius,
Purple,
Maxwell,
Supreme,
Kaiser,
Caesar,
D2,
Dai,
Reptile,
Condenser,
Diet,
Translation,
Vaccine,
Dances,
Response,
Team,
Pilgrim,
Traveler,
Annihilation,
Artist,
Terrible,
Bribe,
Tail,
Errors,
Patent,
License,
Entities,
Swamp,
Effigy,
Eruption,
Nightmare,
Mass,
Production,
Gray,
Highlander,
Lucius,
Inheritance,
Prisoner,
Renewal,
Room,
Ha,
Des,
Scheme,
Yellow,
Cliff,
Thorn,
Burglars,
Shade,
Smog,
Syndrome,
Regeneration,
Malice,
Silent,
Mastery,
Tinker,
Titan,
Dealings,
Zebra,
Illusionist,
Desire,
Enchantment,
Marie,
Morningstar,
Nurse,
Uprising,
Approaches,
Rescue,
Shackles,
Thorns,
Monstrosity,
Dropper,
Dash,
Data,
Acorn,
Herald,
Choice,
Debris,
Deck,
Devastation,
Extended,
Decoy,
Dedication,
Diver,
Artisan,
Minstrel,
Donna,
Cruiser,
Defect,
Compiler,
Labyrinth,
Defenders,
Circuit,
Locomotive,
Duo,
Delta,
Flyer,
Agent,
Demotion,
Denko,
Depth,
Kangaroo,
Mosquito,
Desert,
Locusts,
Sunlight,
Twister,
Designer,
Base,
Devil,
Tag,
Comedy,
Rivals,
Board,
Dasher,
Diamond,
Dogma,
Dominance,
Servant,
Dreamer,
Dunker,
Dystopia,
Fear,
Plasma,
Mirage,
Ring,
Devotee,
Sheridan,
Kernel,
Dian,
Diana,
Dice,
Armadillo,
Roll,
Dictator,
Capsule,
Trench,
Encounter,
Ground,
Diffusion,
Beak,
Gold,
Digital,
Industry,
Distortion,
Weapon,
Slice,
Inversion,
Synthesis,
Dino,
Rex,
Alert,
Domain,
Frenzy,
Shell,
Kingdom,
T,
Terra,
Dirge,
Disarmament,
Disc,
Disciples,
Discord,
Disturbance,
Grace,
Punishment,
Relic,
Serpent,
Rituals,
Prognosticator,
Watcher,
DNA,
Checkup,
Surgery,
Transplant,
Doble,
Dodger,
Driver,
DOG,
Genesis,
Nation,
Nexus,
Happiness,
Miss,
Silence,
Domino,
Effect,
Throne,
Donuts,
Doomsday,
Dora,
Doron,
Exposure,
Fin,
Knuckle,
Iris,
Bind,
Payback,
C&D,
Technique,
Downbeat,
Face-Off,
Masters,
Caller,
Myth,
Manipulator,
Endings,
Ravine,
Rhapsody,
Shrine,
Treasure,
Gunfire,
Diagram,
Changeover,
Downtime,
Hospitality,
Welcome,
Lance,
Draft,
Glow,
Trident,
Legion,
Legionnaire,
Partisan,
Phalanx,
Remus,
Discharge,
Muscle,
Harvester,
Dream,
Joy,
Pillow,
Dress,
Snow,
Droll,
Lock,
Gamma,
Zeta,
Compact,
Fists,
Invitation,
Duck,
Mobile,
Academy,
Alcatraz,
Duke,
Dungeon,
Vessel,
Dwarf,
Depths,
Glimmer,
Immortal,
Earthquake,
Event,
Arrow,
Curran,
Boy,
Echo,
Oscillation,
Ecole,
Squire,
Hammer,
Cotton,
Ego,
God,
El,
Dorado,
Elder,
Entity,
Scarlet,
Electric,
Elegant,
Egotist,
Elegy,
Element,
Absorber,
Wingman,
Heat,
Liquid,
Magma,
Marine,
Mariner,
Nebula,
Sparkman,
Healer,
Mistress,
Training,
Mana,
Disaster,
League,
Embodiment,
Assistance,
Provisions,
Emissary,
Pandemonium,
Oasis,
Empowerment,
Judge,
Traps,
Controller,
Bravery,
Engine,
Engraver,
Mark,
Chancellor,
Casket,
Impersonation,
Invader,
Epsilon,
Epidemic,
Escalation,
Frost,
ESP,
Esprit,
Galaxy,
Eva,
Alloy,
Confrontation,
Defeat,
Repose,
Retribution,
Prodigy,
Sniper,
Bane,
Heliotrope,
EZ,
Trouble,
Sunny,
Elias,
Result,
Exchange,
Protocols,
Execution,
Irene,
Pax,
Sophia,
Stella,
Express,
Trolley,
Extinction,
Schedule,
Buck,
F.A.,
Auto,
Navigator,
Prix,
Dead,
Hang,
Mach,
Off-Road,
Pit,
GT,
Meister,
Turbo,
Whip,
Crosser,
Winners,
Treason,
Face,
Fountain,
Luna,
Sleeper,
Tales,
Gift,
Faith,
Fallen,
Wynn,
Farm,
Delivery,
Fatal,
Adventure,
Hour,
Bargain,
Favorite,
Feast,
Feedback,
Mischief,
Fiber,
Reflection,
Portrait,
Fervor,
Fifth,
Messenger,
Orders,
Countdown,
Gesture,
Ancients,
Fine,
Cracker,
Darts,
Flint,
Liang,
Peak,
Island,
Lake,
Fireball,
Firebird,
Firebrand,
Fires,
Step,
Towards,
Infestation,
First-Aid,
Swaps,
Sonar,
Launcher,
Planter,
Champion,
Dancer,
Viper,
Commando,
Perfection,
Flick,
Flight,
Missile,
Flip,
Flop,
Advent,
Town,
Map,
Frolic,
Clover,
Maple,
Deer,
Peony,
Pine,
Willow,
Grass,
Fluff,
Leo,
Octopus,
SKY,
FIRE,
Railroad,
Stampede,
Saucer,
Goods,
Scripture,
Requisition,
Forge,
Forgotten,
Union,
Skipper,
Formula,
Ann,
En,
Hu,
Vision,
Dyna,
Excavation,
Convoy,
Fragment,
Fraud,
Freeze,
Monsters,
Chains,
Frequency,
Victory,
March,
Patchwork,
Frontier,
Wiseman,
Observer,
Fitzgerald,
Fruits,
Studies,
Fulfillment,
Fungi,
Musk,
Deployment,
Fright,
Parasite,
Recycling,
Reserve,
Drive,
Visions,
Mystery,
Child,
Clerk,
Cowboy,
Sister,
Wa,
Universal,
Plate,
Collective,
Origin,
Automaton,
Cleric,
Expedition,
Satellite,
Stealth,
Trance,
Gallant,
Granite,
Gamble,
Gambler,
Demolition,
Garbage,
Collector,
Flora,
Gash,
Gauntlet,
Gazelle,
Guile,
Aquamarine,
Garnet,
Pearl,
Quartz,
Ablation,
Ascetic,
Loot,
Quest,
Wayne,
Generation,
Shift,
Genetic,
Axel,
Reliever,
Furnace,
Neutron,
Planner,
Turbine,
Worker,
Geo,
Sigma,
Germ,
Beef,
Belle,
Mansion,
Boatman,
Meets,
Tale,
Manuscript,
Chill,
Grudge,
Winter,
Cherries,
Ship,
Dogwood,
Festival,
Lantern,
Mary,
Museum,
Parade,
Renovation,
Scare,
Skeleton,
Specter,
Stein,
Ghosts,
Appetite,
Ballpark,
Atlas,
Flea,
Tundra,
Feeds,
Martyr,
Gil,
Garth,
Gimmick,
Bisque,
Troy,
Humpty,
Dumpty,
Ariel,
Marker,
Natalia,
Hog,
Stag,
Deluge,
Slasher,
Intellect,
Fecundity,
Iceberg,
Glacier,
Augustus,
Editor,
United,
War,
Comeback,
Respite,
Proving,
Rejection,
Slippers,
Numbers,
Bulb,
Circus,
Fan,
Pan,
Pothole,
Thief,
Remedy,
Whim,
Verdict,
Guidance,
Third,
Pyre,
Coin,
Idol,
Drum,
Gotterdammerung,
Match,
Destroy,
Guts,
Predator,
Option,
Angler,
Organism,
Chief,
Commandant,
Descendant,
Heretic,
Lot,
Nobleman,
Recruiter,
Graveyard,
Orb,
Gravity,
Collapse,
Combat,
Angus,
Long,
Nose,
Moth,
Poseidon,
Polymerization,
Venom,
Green,
Da,
Grid,
Rod,
Grinder,
Grit,
Goo,
Agents,
Penalty,
Joan,
Guardians,
Tomb,
Guerilla,
Kite,
Ariadne,
Guitar,
Dreadnought,
Shari,
Supper,
Falco,
Griffin,
H,
Hack,
Half,
Forever,
Hamburger,
Recipe,
Genie,
Handcuffs,
Hannibal,
Happy,
Lover,
Hard,
Waves,
Harmonizing,
Elegance,
Sisters,
Storms,
Harvest,
Wisdom,
Hazy,
Pillar,
Underdog,
Appeal,
Neptune,
Forward,
Freight,
Platform,
Slump,
Amalgam,
River,
Hedge,
Hellfire,
Sleeping,
Helmsman,
Orange,
Pure,
Record,
Hercules,
Heritage,
Counterattack,
Medal,
East,
Rule,
Heroic,
Challenger,
Knife,
Morning,
Watchman,
Spartan,
Blades,
Excalibur,
Chance,
Cork,
Shooter,
Puzzle,
Rubber,
Soldiers,
Springs,
Temples,
Nuit,
Su,
Ashes,
Convocation,
Supremacy,
Spheres,
Heliopolis,
Lithograph,
Rate,
Tide,
Hip,
Carnival,
Holding,
Legs,
Giants,
Hop,
Squadron,
Floral,
Hot,
Calamity,
Tape,
Howl,
Key,
Eyes,
Burger,
Hydro,
Pressure,
Hyena,
Hymn,
Metamorphosis,
Sign,
Kingfisher,
Erosion,
Crevasse,
Conqueror,
Cavalier,
Mara,
Balloons,
Inception,
Imperial,
Bower,
Custom,
Tombs,
Magnum,
Intrusion,
Mail,
Incinerator,
Avenger,
Paranoia,
Patriarch,
Pawn,
Suppression,
Wildcat,
Roland,
Oliver,
Charles,
Pandemic,
Ripples,
Terminus,
Anchor,
Shovel,
Smasher,
Influence,
Injection,
Inner,
Imitation,
Inspection,
Inspector,
Boarder,
Inspiration,
Intercept,
Matter,
Transporter,
Warp,
Resistor,
Slumber,
Intrigue,
Introduction,
Gallantry,
Intruder,
Alarm,
Invigoration,
Sleep,
Invocation,
Hopper,
Hornet,
Blacksmith,
Coil,
Repairman,
Immediate,
Specimen,
Hans,
Lucky,
Ivy,
Jackpot,
Jade,
Whistle,
Jam,
Avarice,
Generosity,
Pact,
Jellyfish,
Jerry,
Beans,
Jewels,
Menace,
Jolt,
Madame,
Surprise,
Jowls,
Junk,
Connector,
Desserts,
Scissors,
Mission,
Unity,
Reef,
Glider,
Blow,
Kanan,
Champ,
Anatomy,
Cache,
Inn,
Oil,
Merchant,
Showdown,
Strategist,
Trick,
Watchdog,
Karate,
Mace,
Killer,
Needle,
Servants,
Kitchen,
Kiwi,
Title,
Incarnation,
Drago,
Prototype,
Sandman,
Panther,
Button,
Planet,
Shuttle,
Forerunner,
Receptor,
Spine,
String,
Waterfront,
La,
Wire,
Lamb,
Moss,
Larvae,
Chapter,
Minute,
Laughing,
Lava,
Laval,
Burner,
Miller,
Volcano,
Handmaiden,
Salamander,
Law,
Ledger,
Legerdemain,
Lee,
Left,
Leg,
Lefty,
Legacy,
Lemon,
Leng,
Mane,
Archery,
Lesser,
Level,
Area,
B,
Modulation,
Liberty,
Intervention,
Equalizer,
Lucifer,
Medium,
Redemption,
Load,
Conger,
Drafts,
Sabre,
Impulse,
Overdrive,
Removal,
Lineage,
Linear,
Equation,
Bumper,
Streamer,
Turret,
Litmus,
Channel,
Home,
Living,
Vase,
Lockout,
Lone,
Loop,
Bosses,
Loss,
Low,
Loan,
Trinket,
Lullaby,
Obedience,
Perfume,
Serenade,
Nightingale,
Beryl,
Canary,
Robin,
Independent,
Promenade,
Thrush,
Recital,
Starling,
Warbler,
Perimeter,
Peacekeeper,
Redeployment,
Duplication,
B.C.,
Hacker,
Lobster,
Chateau,
Lesson,
Nights,
Salon,
Tea,
Symphony,
Magi,
Gal,
Cylinder,
Miracles,
Triangle,
Broker,
Cylinders,
Exemplar,
Hats,
Meltdown,
Musket,
Hands,
Mastermind,
Caspar,
Doc,
Max,
Scientist,
Undertaker,
Navigation,
Act,
Robe,
Magicians,
Relics,
Magna,
Induction,
Maize,
Toad,
Absorption,
Majesty,
Paradigm,
Paradox,
Stardust,
Territory,
Truth,
Tune,
Catastrophe,
Malfunction,
Dispersion,
Fork,
Spoon,
Ares,
Chest,
Mare,
Shore,
Margin,
Sunflowers,
Tang,
Circulation,
Dive,
Mandarin,
Mite,
Glasses,
Brutality,
Weakness,
Chameleon,
Chopper,
Vapor,
Masquerade,
Hypnosis,
Expert,
Craftsman,
Gig,
Oz,
Flaming,
Outfits,
Mathematician,
Addition,
Diameter,
Division,
Multiplication,
Subtraction,
Matriarch,
Mausoleum,
Maximum,
Mayhem,
DeVille,
Bass,
Bunny,
Marron,
Snail,
Medusa,
Ton,
Emergence,
Promotion,
Barriers,
Indigo,
Sunset,
Nightfall,
Nucleus,
Mommy,
Pony,
Puppy,
Trees,
Brass,
Memory,
Adversary,
Mental,
Message,
Bottle,
Peace,
Detector,
Blockade,
Executor,
Factor,
Comet,
Micro,
Mid,
Midday,
Turkey,
Millennium,
Necklace,
Revelation,
Pollutant,
Scan,
Trust,
Mine,
Minefield,
Scholar,
Minor,
Mira,
Miracle,
Fertilizer,
Kids,
Locus,
Rupture,
Tube,
Oaths,
Gnomes,
Misfortune,
Body,
Condor,
Wurm,
Mistake,
Accusation,
Arrest,
Cannons,
Moisture,
Conduction,
Mon,
Assortment,
Slots,
Montage,
Curry,
Morale,
Cord,
Bar,
Mix-up,
Rusty,
Mosaic,
Motor,
Mound,
Mount,
Sylvania,
Mucus,
Yolk,
Multi,
Multiple,
Ants,
Murmur,
Mushroom,
Musician,
Mutant,
Puppeteer,
Horseman,
Probe,
Tomato,
Shine,
Bestiary,
Institution,
Clash,
Expansion,
Nadir,
Pass,
Natural,
Pineapple,
Pumpkin,
Strawberry,
Sunflower,
Tulip,
Vein,
Oak,
Remnant,
Neck,
Linker,
Banshee,
Genius,
Traitor,
Kaleidoscope,
Nemeses,
Flag,
Keystone,
Pathfinder,
Pillars,
Notebook,
Nirvana,
Round,
Table,
Extermination,
Amin,
Aggression,
Smith,
Prayer,
Number,
Crime,
Focus,
Titanic,
Mannequin,
Harbinger,
Utopia,
Crumble,
Logos,
Corn,
Finisher,
Cook,
Prime,
Sin,
Rook,
Splash,
Gossip,
Sins,
Archive,
Rail,
Pain,
Mind,
Dyson,
Overlay,
Grub,
Numeral,
Companionship,
Obelisk,
Saber,
Father,
Offerings,
Sorrow,
Oilman,
Country,
Pajama,
Pink,
Trio,
Goggles,
Omni,
T-34,
Gates,
Opera,
People,
Orbital,
Crescendo,
Harp,
Babel,
Smash,
Arbiter,
Orient,
Orion,
Ostinato,
Outburst,
Outer,
Outrigger,
Extension,
Capacity,
Oyster,
Packet,
Painter,
Decision,
Palace,
Pale,
Hallucigenia,
Pikaia,
Palladium,
Jewelry,
Port,
Selection,
Parlor,
Parrot,
Parry,
Particle,
Image,
Patrician,
Pawnshop,
Encore,
Halt,
Transfer,
Pennant,
Sync,
Stilts,
Trapeze,
Ballad,
Dag,
Daggerman,
Laugh,
Maker,
Butler,
Valet,
Pinch,
Helper,
Radish,
Goat,
Eel,
Pupil,
Sleight,
Smile,
Stamp,
Teeter,
Trump,
U,
Blossoms,
System,
Pestilence,
Pike,
Grip,
Martyrs,
Foe,
Friend,
Cricket,
Hydride,
Pulse,
Advancer,
Alexandra,
Pirate,
Physical,
Sight,
Pile,
Pinpoint,
Piranha,
Reis,
Plague,
Food,
Platinum,
Possum,
Booty,
Ships,
Shipping,
Lys,
Pole,
Position,
Partnerships,
Acquisitiveness,
Benevolence,
Desires,
Dichotomy,
Extravagance,
Prosperity,
Riches,
Potato,
Filter,
Friendship,
Pickaxe,
Pro,
Adapter,
Place,
Pranks,
Weather,
Washer,
Rites,
Scorpio,
Squid,
Anaconda,
Prediction,
Preparation,
Prescience,
Prevention,
Soup,
Cologne,
Prohibition,
Shadows,
Proof,
Powerlessness,
Proton,
Proxy,
F,
Tactical,
Trapper,
Lambda,
Eraser,
Jumper,
Rejuvenation,
Shockwave,
Rug,
Carriage,
Purge,
Pursuit,
Aeon,
Buddies,
Wonders,
Helix,
Bodyguard,
Question,
Quick,
Quill,
Pen,
Quintet,
R,
Overseer,
Seduction,
Plants,
Beaufort,
Vulture,
Readiness,
Raid,
Rudder,
Wise,
Replica,
Mercy,
Refraction,
Fall,
Seventh,
Admiration,
Thousands,
Argent,
Limited,
Value,
Temperature,
Razor,
Pebbles,
Rebound,
Batteries,
Carpet,
Reign,
Screen,
Insight,
Redeemable,
Boulders,
Reed,
Reese,
Regulus,
Reinforced,
Troops,
Reinforcements,
Restraint,
Ramifications,
Recoil,
Respect,
Restoration,
Point,
Retort,
Zombies,
Reversal,
Quiz,
Swarm,
Ribbon,
Flurries,
Glamour,
Sheet,
Tranquility,
Wardrobe,
Magnetism,
Height,
Adjuster,
Rite,
Lara,
Rivalry,
Warlords,
Roaring,
Robot,
Caliber,
Tracer,
Root,
Rope,
Bud,
Spectre,
Dunn,
Tentacles,
Roulette,
Decree,
Library,
Oppression,
Writ,
Taxation,
Rude,
Ruffian,
Railcar,
Bridgehead,
Chase,
Professor,
Vault,
Scrolls,
Stars,
Stillness,
Maverick,
Bison,
Fowl,
Jaguar,
Transcendence,
Violet,
Sales,
Ban,
Sanga,
Santa,
Claws,
Lighthouse,
Altair,
Vega,
Scanner,
Scapegoat,
Reich,
Security,
Science,
Scramble,
Lube,
Recycler,
Sheen,
Screams,
Scroll,
Scrum,
Wickedness,
Treasures,
Sect,
Dru,
Skills,
Secrets,
Crasher,
Sentence,
Seraphim,
Serene,
Sergeant,
Electro,
Serpentine,
Rotation,
Sextet,
Schism,
Delver,
Share,
Shared,
Stickers,
Handler,
Advisor,
Pigeon,
Shiny,
Style,
Solemnity,
Success,
Sense,
Side,
Repulsion,
Ancestry,
Bringing,
Divinity,
Sovereignty,
Single,
Purchase,
Seeds,
Triple,
Sixth,
Successor,
Brown,
Scourge,
Kaina,
Zeke,
Maneuver,
Vector,
Drones,
Widow,
Modules,
Scorcher,
Skyscraper,
Slate,
Slot,
Grenade,
Plow,
Rustle,
Snowman,
Authority,
Warning,
Harmonia,
Musica,
Solidarity,
Solitude,
Summer,
Sonata,
Boom,
Maid,
Soprano,
Levy,
Purity,
Taker,
Transition,
Sound,
Insulator,
Mambo,
Police,
Speaker,
Gum,
Marble,
Scratch,
Marbles,
Economics,
Purification,
RE,
Reclamation,
Reproduction,
Statute,
Crescent,
Knowledge,
Organization,
Hall,
Web,
Spike,
Spin,
Charmers,
Elimination,
Books,
Sculptor,
Entanglement,
Whisper,
Venus,
Watch,
GEAR,
Drone,
Utility,
MISSION,
Squirt,
Stack,
Stairs,
Stairway,
Stall,
Illumination,
Shimmer,
Trail,
Contest,
Lethal,
Dose,
Anguish,
Pattern,
Regulator,
Genome,
Longhorn,
Roach,
Stellar,
Stoic,
Stonehenge,
Methods,
Strategic,
Lambs,
Droplets,
Partner,
Sergeants,
Street,
Tour,
Submarine,
Aero,
Divers,
Nemesis,
Succession,
Probability,
SK,
Inti,
Unification,
Daphne,
Bullet,
Magnus,
Layer,
Buddy,
Gustav,
Juggernaut,
Blowtorch,
Flutist,
Suit,
Danger,
Supporter,
Surface,
Survival,
Suture,
Swift,
Swing,
Assessment,
Blackout,
Mo,
Ye,
Summit,
Strife,
Symbol,
Symbols,
Duty,
Rocks,
Dilemma,
Ejection,
Transmission,
Explorer,
Librarian,
Screw,
Tackle,
Espionage,
Exchanger,
Swipe,
Tao,
Taunt,
Teardrop,
Shocker,
Skulls,
Percussion,
Tenacity,
Tenderness,
Tentacle,
Terminal,
Toddler,
Torment,
Salmon,
Terrors,
Wacky,
A.,
Accumulator,
Entropy,
Saturn,
Jupiter,
Mercury,
Atmosphere,
Butcher,
Calculator,
Bead,
Earl,
Holiday,
Flute,
Apples,
Fourth,
Caster,
Gross,
Dreams,
Humble,
Weapons,
Gentleman,
Judgement,
Files,
Kick,
Wight,
Nomenclature,
Fisherman,
Remnants,
Melody,
Paths,
Helm,
Fragile,
Gloves,
Boots,
Regulation,
Reliable,
Resolute,
Controls,
Hair,
Spell,
Easter,
Stern,
Thing,
Crater,
Hides,
Trojan,
Name,
Canvas,
Forecast,
Rainy,
Thought,
Knives,
Needles,
Kind,
Strikes,
Trolls,
Threshold,
Waterfalls,
Source,
Brethren,
Tilted,
Passage,
Startup,
Winder,
Tomorrow,
Timidity,
Tin,
Goldfish,
Delaunay,
Thanksgiving,
Toll,
Hike,
Tongue,
Briefcase,
Rollback,
Contents,
Runner,
Torque,
Totem,
Bus,
Realms,
Toy,
Vendor,
Trade-In,
Places,
Traffic,
Connection,
Needs,
Spikes,
Sera,
Treaty,
Otter,
Trent,
Airborne,
Barren,
Rendezvous,
Revolt,
Tribulation,
Ecstasy,
Tribal,
Synergy,
Bella,
Bouquet,
Arena,
Live,
Nightshade,
Talent,
Tripod,
Imprisonment,
Troop,
Calamities,
Tualatin,
Turnabout,
Cloth,
Rods,
Personality,
Tyler,
Type,
Champions,
Tantrum,
Temper,
Throes,
Tirade,
Camellias,
Stadium,
Locker,
Slugger,
Player,
Manager,
Jersey,
Turnover,
UFO,
Baseball,
Flagship,
Providence,
Wisp,
Abomination,
Twins,
Clutch,
Unified,
Hangar,
Resistance,
Update,
Upstart,
Dipper,
Departure,
Quint,
Radiation,
Slider,
Delusion,
Utopian,
Aura,
Domination,
Retainer,
Takeover,
Vamp,
Emptiness,
Variety,
Reunion,
Snakes,
Boa,
Vic,
Victoria,
Germs,
Hime,
Lili,
Lulu,
Randi,
Minimum,
Guy,
Poisoner,
Adjudicator,
Vulcan,
Component,
Cube,
Filament,
Segment,
Stigma,
W,
Meteorite,
Disruption,
Dignity,
Generations,
Wasteland,
Atlantis,
Tradition,
Waterfall,
Wee,
Weights,
Wetlands,
Weasel,
Whitefish,
Acolyte,
Dud,
Ruin,
Widget,
Honeybee,
Kitten,
Windmill,
Windstorm,
Cleaver,
Wiretap,
Sparta,
Collaboration,
Masterpiece,
Resident,
Garage,
Wood,
Remains,
Woodland,
Gears,
Discovery,
Landmark,
Pawns,
Scars,
Whispers,
Carbon,
Wrecker,
Attic,
Galahad,
Souza,
Xtra,
Import,
Reception,
Remora,
Yamata,
Sumo,
L,
Worship,
Icicle